,X,Y,OBJECTID,case_id,accident_year,proc_date,juris,collision_date,collision_time,officer_id,reporting_district,day_of_week,chp_shift,population,cnty_city_loc,special_cond,beat_type,chp_beat_type,city_division_lapd,chp_beat_class,beat_number,primary_rd,secondary_rd,distance,direction,intersection,weather_1,weather_2,state_hwy_ind,caltrans_county,caltrans_district,state_route,route_suffix,postmile_prefix,postmile,location_type,ramp_intersection,side_of_hwy,tow_away,collision_severity,number_killed,number_injured,party_count,primary_coll_factor,pcf_code_of_viol,pcf_viol_category,pcf_violation,pcf_viol_subsection,hit_and_run,type_of_collision,mviw,ped_action,road_surface,road_cond_1,road_cond_2,lighting,control_device,chp_road_type,pedestrian_accident,bicycle_accident,motorcycle_accident,truck_accident,not_private_property,alcohol_involved,stwd_vehtype_at_fault,chp_vehtype_at_fault,count_severe_inj,count_visible_inj,count_complaint_pain,count_ped_killed,count_ped_injured,count_bicyclist_killed,count_bicyclist_injured,count_mc_killed,count_mc_injured,primary_ramp,secondary_ramp,latitude,longitude,timecat,month_,city,county,state,point_x,point_y,match_addr,m_primaryrd,m_secondrd,int_id
72,-118.28213579299995,33.778903961000026,4073,8043565.0,2016,2016-05-23T00:00:00.000Z,1942,2016-04-29T00:00:00.000Z,1200,41704,0521,5,5.0,7.0,1942,0.0,0.0,0.0,E,0.0,12T41,ANAHEIM STREET,I STREET,50,W,Y,A,-,N,,0.0,0.0,,,,,,,N,4,0,1,2,A,-,03,22350.0,,F,C,C,A,A,H,-,A,D,0.0,,,,,,,-,99,0,0,0,0,0,0,0,0,0,- ,- ,1742039.25,6475932.51,1500,4,LOS ANGELES,LOS ANGELES,CA,-118.282135792957,33.778903961181605,"ANAHEIM ST & I ST, LOS ANGELES, CA",ANAHEIM ST,I ST,1956.0
73,-118.46723011499996,34.04431533800005,4074,8047296.0,2016,2016-05-17T00:00:00.000Z,1942,2016-04-20T00:00:00.000Z,1215,37715,0831,3,5.0,7.0,1942,0.0,0.0,0.0,H,0.0,8TL6W4,WILSHIRE BOULEVARD,BUNDY DRIVE,115,E,Y,A,-,N,,0.0,0.0,,,,,,,N,4,0,1,2,A,-,03,22350.0,,N,C,C,A,A,H,-,A,A,0.0,,,,,,,A,01,0,0,0,0,0,0,0,0,0,- ,- ,1838840.63,6420133.19,1500,4,LOS ANGELES,LOS ANGELES,CA,-118.467230115161,34.0443153381348,"WILSHIRE BLVD & BUNDY DR, LOS ANGELES, CA",WILSHIRE BLVD,BUNDY DR,142442.0
74,-118.29169244099995,34.07765197800007,4075,6906963.0,2015,2015-05-09T00:00:00.000Z,1942,2015-04-03T00:00:00.000Z,1545,34426,0212,5,5.0,7.0,1942,0.0,0.0,0.0,B,0.0,2TL28,VERMONT AVENUE,OAKWOOD AVENUE,15,S,Y,A,-,N,,0.0,0.0,,,,,,,N,4,0,2,2,A,-,03,22350.0,,N,C,C,A,A,H,-,A,A,0.0,,,,,,,A,07,0,0,0,0,0,0,0,0,0,- ,- ,1850768.12,6473337.22,1800,4,LOS ANGELES,LOS ANGELES,CA,-118.29169244124901,34.0776519775391,"VERMONT AVE & OAKWOOD AVE, LOS ANGELES, CA",VERMONT AVE,OAKWOOD AVE,146327.0
75,-118.24056256999997,34.05531692500005,4076,6906999.0,2015,2015-05-13T00:00:00.000Z,1942,2015-04-08T00:00:00.000Z,1700,40493,0112,3,5.0,7.0,1942,0.0,0.0,0.0,A,0.0,1Q63,NORTH MAIN STREET,ALISO STREET,50,S,Y,A,-,N,,0.0,0.0,,,0.0,,,,N,4,0,1,2,A,,03,22350.0,,N,C,C,A,A,H,-,A,A,0.0,,,,,,,A,01,0,0,0,0,0,0,0,0,0,- ,- ,1842590.62,6488807.73,1800,4,LOS ANGELES,LOS ANGELES,CA,-118.24056256961501,34.0553169250488,"N MAIN ST & ALISO ST, LOS ANGELES, CA",N MAIN ST,ALISO ST,121161.0
76,-118.35494688299995,34.05740737900004,4077,6909476.0,2015,2015-05-18T00:00:00.000Z,1942,2015-04-14T00:00:00.000Z,1640,39764,0743,2,5.0,7.0,1942,0.0,0.0,0.0,G,0.0,20TL56,OLYMPIC BOULEVARD,MASSELIN AVENUE,50,W,Y,A,-,N,,0.0,0.0,,,,,,,1,4,0,1,2,A,-,04,21703.0,,N,C,C,A,A,H,-,A,D,0.0,,,,,,,A,07,0,0,0,0,0,0,0,0,0,- ,- ,1843466.0,6454168.84,1800,4,LOS ANGELES,LOS ANGELES,CA,-118.354946882734,34.0574073791504,"OLYMPIC BLVD & MASSELIN AVE, LOS ANGELES, CA",OLYMPIC BLVD,MASSELIN AVE,103410.0
77,-118.29167216299999,33.89247512800006,4078,6910039.0,2015,2015-09-29T00:00:00.000Z,1942,2015-04-09T00:00:00.000Z,1515,30417,1881,4,5.0,7.0,1942,0.0,0.0,0.0,R,0.0,18A97,REDONDO BEACH BOULEVARD,VERMONT AVENUE,0,-,Y,A,-,N,,0.0,0.0,,,,,,,N,0,0,0,2,A,-,08,22100.0,A,M,B,C,A,A,H,-,A,A,0.0,,,,,,,-,99,0,0,0,0,0,0,0,0,0,- ,- ,1783378.91,6473156.4,1800,4,LOS ANGELES,LOS ANGELES,CA,-118.291672162843,33.8924751281738,"REDONDO BEACH BLVD & VERMONT AVE, LOS ANGELES, CA",REDONDO BEACH BLVD,VERMONT AVE,116624.0
78,-118.25925214399997,34.01711654700006,4079,6927120.0,2015,2015-05-26T00:00:00.000Z,1942,2015-04-14T00:00:00.000Z,1730,41492,1333,2,5.0,7.0,1942,0.0,0.0,0.0,M,0.0,13X28,GRIFFITH AVENUE,29TH STREET,0,-,Y,A,-,N,,0.0,0.0,,,,,,,N,4,0,1,2,A,-,12,22450.0,A,N,D,C,A,A,H,-,A,A,0.0,,,,,,,A,07,0,0,0,0,0,0,0,0,0,- ,- ,1828709.73,6483110.99,1800,4,LOS ANGELES,LOS ANGELES,CA,-118.259252143865,34.017116546630895,"GRIFFITH AVE & 29TH ST, LOS ANGELES, CA",GRIFFITH AVE,29TH ST,145522.0
79,-118.25027846699999,33.996643066000054,4080,6927250.0,2015,2015-10-02T00:00:00.000Z,1942,2015-04-08T00:00:00.000Z,1540,40693,1365,3,5.0,7.0,1942,0.0,0.0,0.0,M,0.0,13A85,51ST STREET,ASCOT AVENUE,8,W,Y,A,-,N,,0.0,0.0,,,0.0,,,,N,0,0,0,2,A,,22,,,N,C,E,A,A,H,-,A,D,0.0,,,,,,,-,,0,0,0,0,0,0,0,0,0,- ,- ,1821256.21,6485808.61,1800,4,LOS ANGELES,LOS ANGELES,CA,-118.250278467138,33.9966430664062,"51ST ST & ASCOT AVE, LOS ANGELES, CA",51ST ST,ASCOT AVE,138444.0
80,-118.46181227399995,34.17208480800008,4081,8020393.0,2016,2016-04-13T00:00:00.000Z,1942,2016-04-04T00:00:00.000Z,1505,39335,0952,1,5.0,7.0,1942,0.0,0.0,0.0,I,0.0,9TL56,BURBANK BOULEVARD,NOBLE AVENUE,0,-,Y,A,-,N,,0.0,0.0,,,,,,,1,4,0,1,2,A,-,04,21703.0,,N,C,C,A,A,H,-,A,A,0.0,,,,,,,A,01,0,0,0,0,0,0,0,0,0,- ,- ,1885337.15,6421982.17,1800,4,LOS ANGELES,LOS ANGELES,CA,-118.46181227407101,34.1720848083496,"BURBANK BLVD & NOBLE AVE, LOS ANGELES, CA",BURBANK BLVD,NOBLE AVE,132862.0
81,-118.31347270799995,34.07826614400005,4082,8021460.0,2016,2016-04-14T00:00:00.000Z,1942,2016-04-05T00:00:00.000Z,1645,38013,2001,2,5.0,7.0,1942,0.0,0.0,0.0,,0.0,8TL28,ELMWOOD AVENUE,WILTON PLACE,15,E,Y,A,-,N,,0.0,0.0,,,,,,,N,0,0,0,2,A,-,04,21703.0,,M,C,C,A,A,H,-,A,D,0.0,,,,,,,-,99,0,0,0,0,0,0,0,0,0,- ,- ,1851017.59,6466745.91,1800,4,LOS ANGELES,LOS ANGELES,CA,-118.313472707885,34.0782661437988,"ELMWOOD AVE & WILTON PL, LOS ANGELES, CA",ELMWOOD AVE,WILTON PL,125277.0
82,-118.291423438,33.91641616800007,4083,8028137.0,2016,2016-04-27T00:00:00.000Z,1942,2016-04-07T00:00:00.000Z,1645,36023,1831,4,5.0,7.0,1942,0.0,0.0,0.0,R,0.0,18X36,EL SEGUNDO BOULEVARD,VERMONT AVENUE,30,E,Y,B,-,N,,0.0,0.0,,,,,,,1,4,0,1,3,A,-,03,22350.0,,N,C,C,A,B,H,-,A,D,0.0,,,,,,,A,01,0,0,0,0,0,0,0,0,0,- ,- ,1792094.49,6473222.0,1800,4,LOS ANGELES,LOS ANGELES,CA,-118.291423438477,33.9164161682129,"EL SEGUNDO BLVD & VERMONT AVE, LOS ANGELES, CA",EL SEGUNDO BLVD,VERMONT AVE,109670.0
83,-118.24464224399996,34.024124146000084,4084,8035880.0,2016,2016-05-02T00:00:00.000Z,1942,2016-04-16T00:00:00.000Z,1540,40099,1317,6,5.0,7.0,1942,0.0,0.0,0.0,M,0.0,4TL4,HOOPER AVENUE,16TH STREET (N),0,-,Y,A,-,N,,0.0,0.0,,,,,,,N,4,0,2,2,A,-,12,22450.0,A,N,D,C,A,A,H,-,A,A,0.0,,,,,,,A,01,0,0,0,0,0,0,0,0,0,- ,- ,1831260.6,6487556.27,1800,4,LOS ANGELES,LOS ANGELES,CA,-118.244642244096,34.024124145507805,"HOOPER AVE & 16TH ST, LOS ANGELES, CA",HOOPER AVE,16TH ST,138469.0
84,-118.26133220999996,34.02157592800006,4085,6068959.0,2013,2014-08-07T00:00:00.000Z,1942,2013-04-15T00:00:00.000Z,1650,33977,1323,1,5.0,7.0,1942,0.0,0.0,0.0,M,0.0,13TL22,ADAMS BOULEVARD,SAN PEDRO STREET,0,-,Y,B,-,N,,0.0,0.0,,,,,,,1,0,0,0,2,A,-,04,21703.0,,M,C,C,A,A,H,-,A,D,0.0,,,,,,,A,01,0,0,0,0,0,0,0,0,0,- ,- ,1830338.29,6482487.16,1800,4,LOS ANGELES,LOS ANGELES,CA,-118.26133220965201,34.021575927734396,"ADAMS BLVD & SAN PEDRO ST, LOS ANGELES, CA",ADAMS BLVD,SAN PEDRO ST,149024.0
85,-118.32443214699998,34.083503723000035,4086,6961653.0,2015,2015-10-07T00:00:00.000Z,1942,2015-04-24T00:00:00.000Z,1545,40605,0719,5,5.0,7.0,1942,0.0,0.0,0.0,G,0.0,20TL58,EL CENTRO AVENUE,MELROSE AVENUE,10,N,Y,A,-,N,,0.0,0.0,,,,,,,N,0,0,0,2,A,-,06,21750.0,,M,C,C,A,A,H,-,A,D,0.0,,,,,,,-,99,0,0,0,0,0,0,0,0,0,- ,- ,1852935.83,6463433.12,1800,4,LOS ANGELES,LOS ANGELES,CA,-118.324432146873,34.083503723144496,"EL CENTRO AVE & MELROSE AVE, LOS ANGELES, CA",EL CENTRO AVE,MELROSE AVE,100560.0
86,-118.58422223199993,34.25179672200005,4087,5813267.0,2012,2013-11-15T00:00:00.000Z,1942,2012-08-06T00:00:00.000Z,1100,31934,1753,1,5.0,7.0,1942,0.0,0.0,0.0,Q,0.0,17A23,VINTAGE STREET,LURLINE AVENUE,0,-,Y,A,-,N,,0.0,0.0,,,0.0,,,,N,4,0,3,2,A,,04,21703.0,,N,C,C,A,A,H,-,A,A,0.0,,,,,,,A,08,0,0,3,0,0,0,0,0,0,- ,- ,1914529.79,6385133.54,1200,8,LOS ANGELES,LOS ANGELES,CA,-118.584222232375,34.2517967224121,"VINTAGE ST & LURLINE AVE, LOS ANGELES, CA",VINTAGE ST,LURLINE AVE,140864.0
87,-118.444382191,34.20117569000007,4088,6878714.0,2015,2015-04-21T00:00:00.000Z,1942,2015-04-03T00:00:00.000Z,1810,40735,0915,5,5.0,7.0,1942,0.0,0.0,0.0,I,0.0,9TL52,SHERMAN WAY,TYRONE AVENUE,0,-,Y,A,-,N,,0.0,0.0,,,,,,,N,4,0,1,2,A,-,12,21453.0,A,F,D,C,A,A,H,-,A,A,0.0,,,,,,,D,22,0,0,0,0,0,0,0,0,0,- ,- ,1895897.58,6427304.71,2100,4,LOS ANGELES,LOS ANGELES,CA,-118.444382191404,34.2011756896973,"SHERMAN WAY & TYRONE AVE, LOS ANGELES, CA",SHERMAN WAY,TYRONE AVE,104461.0
88,-118.55353230299994,34.193843842000035,4089,6910186.0,2015,2015-05-15T00:00:00.000Z,1942,2015-04-14T00:00:00.000Z,1845,38832,1021,2,5.0,7.0,1942,0.0,0.0,0.0,J,0.0,10X12,TAMPA AVENUE,VANOWEN STREET,0,-,Y,A,-,N,,0.0,0.0,,,0.0,,,,1,4,0,2,2,A,,09,21801.0,,N,D,C,A,A,H,-,A,A,0.0,,,,,,,-,,0,0,0,0,0,0,0,0,0,- ,- ,1893381.53,6394288.43,2100,4,LOS ANGELES,LOS ANGELES,CA,-118.553532303284,34.1938438415527,"TAMPA AVE & VANOWEN ST, LOS ANGELES, CA",TAMPA AVE,VANOWEN ST,105124.0
89,-118.50258231799995,34.23576355000005,4090,6910197.0,2015,2015-05-15T00:00:00.000Z,1942,2015-04-10T00:00:00.000Z,2000,40547,1775,5,5.0,7.0,1942,0.0,0.0,0.0,Q,0.0,,BALBOA BOULEVARD,NORDHOFF STREET,0,-,Y,A,-,N,,0.0,0.0,,,,,,,N,4,0,1,2,A,-,04,21703.0,,F,C,C,A,A,H,-,B,D,0.0,,,,,,,-,99,0,0,0,0,0,0,0,0,0,- ,- ,1908557.3,6409777.52,2100,4,LOS ANGELES,LOS ANGELES,CA,-118.502582318432,34.235763549804695,"BALBOA BLVD & NORDHOFF ST, LOS ANGELES, CA",BALBOA BLVD,NORDHOFF ST,105180.0
90,-118.29154957599995,33.999519348000035,4091,8016815.0,2016,2016-04-15T00:00:00.000Z,1942,2016-04-02T00:00:00.000Z,2044,41495,1207,6,5.0,7.0,1942,0.0,0.0,0.0,L,0.0,12A31,VERMONT AVENUE,48TH STREET,28,S,Y,A,-,N,,0.0,0.0,,,,,,,1,4,0,1,2,A,-,04,21703.0,,F,C,C,A,A,H,-,C,A,0.0,,,,,,,-,99,0,0,0,0,0,0,0,0,0,- ,- ,1822336.72,6473305.22,2100,4,LOS ANGELES,LOS ANGELES,CA,-118.29154957631901,33.999519348144496,"VERMONT AVE & 48TH ST, LOS ANGELES, CA",VERMONT AVE,48TH ST,96260.0
91,-118.57968926099994,34.188385010000054,4092,8017358.0,2016,2016-04-21T00:00:00.000Z,1942,2016-04-09T00:00:00.000Z,2050,36542,2158,6,5.0,7.0,1942,0.0,0.0,0.0,,0.0,16T25W,VICTORY BOULEVARD,MASON AVENUE,10,E,Y,A,-,N,,0.0,0.0,,,,,,,N,4,0,1,2,A,-,03,22350.0,,N,C,C,A,A,H,-,C,A,0.0,,,,,,,A,07,0,0,0,0,0,0,0,0,0,- ,- ,1891441.39,6386364.44,2100,4,LOS ANGELES,LOS ANGELES,CA,-118.579689260755,34.188385009765604,"VICTORY BLVD & MASON AVE, LOS ANGELES, CA",VICTORY BLVD,MASON AVE,146273.0
92,-118.41795501499996,34.279678345000036,4093,8017546.0,2016,2016-04-19T00:00:00.000Z,1942,2016-04-08T00:00:00.000Z,1840,41396,1612,5,5.0,7.0,1942,0.0,0.0,0.0,P,0.0,16T25,PAXTON STREET,GLENOAKS BOULEVARD,19,E,Y,C,-,N,,0.0,0.0,,,,,,,N,0,0,0,2,A,-,03,22350.0,,M,C,C,A,B,H,-,C,A,0.0,,,,,,,-,99,0,0,0,0,0,0,0,0,0,- ,- ,1924424.09,6435410.92,2100,4,LOS ANGELES,LOS ANGELES,CA,-118.41795501496999,34.2796783447266,"PAXTON ST & GLENOAKS BLVD, LOS ANGELES, CA",PAXTON ST,GLENOAKS BLVD,119531.0
93,-118.24208217199998,34.04850387600004,4094,8017609.0,2016,2016-04-20T00:00:00.000Z,1942,2016-04-08T00:00:00.000Z,1803,41883,0138,5,5.0,7.0,1942,0.0,0.0,0.0,A,0.0,1U2,SAN PEDRO STREET,AZUSA STREET,0,-,Y,C,-,N,,0.0,0.0,,,,,,,1,4,0,4,2,A,-,04,21703.0,,F,C,C,A,B,H,-,B,A,0.0,,,,,,,-,99,0,0,0,0,0,0,0,0,0,- ,- ,1840114.65,6488334.6,2100,4,LOS ANGELES,LOS ANGELES,CA,-118.24208217198499,34.0485038757324,"SAN PEDRO ST & AZUSA ST, LOS ANGELES, CA",SAN PEDRO ST,AZUSA ST,144870.0
94,-118.27815112599994,34.09197616600005,4095,8018870.0,2016,2016-04-27T00:00:00.000Z,1942,2016-04-17T00:00:00.000Z,1850,38233,1171,7,5.0,7.0,1942,0.0,0.0,0.0,K,0.0,2T15W3,LUCILE AVENUE,GRIFFITH PARK BOULEVARD,65,S,Y,A,-,N,,0.0,0.0,,,,,,,1,0,0,0,2,A,-,15,26451.0,A,M,C,E,A,A,G,-,C,D,0.0,,,,,,,A,07,0,0,0,0,0,0,0,0,0,- ,- ,1855970.29,6477460.23,2100,4,LOS ANGELES,LOS ANGELES,CA,-118.278151126056,34.0919761657715,"LUCILE AVE & GRIFFITH PARK BLVD, LOS ANGELES, CA",LUCILE AVE,GRIFFITH PARK BLVD,107813.0
95,-118.44873230999997,34.193923950000055,4096,8033011.0,2016,2016-05-04T00:00:00.000Z,1942,2016-04-23T00:00:00.000Z,2010,35471,0923,6,5.0,7.0,1942,0.0,0.0,0.0,I,0.0,19T75,VAN NUYS BOULEVARD,VANOWEN STREET,0,-,Y,A,-,N,,0.0,0.0,,,,,,,N,0,0,0,2,A,-,09,21801.0,A,M,D,C,A,A,H,-,C,A,0.0,,,,,,,-,99,0,0,0,0,0,0,0,0,0,- ,- ,1893258.62,6425974.63,2100,4,LOS ANGELES,LOS ANGELES,CA,-118.448732309505,34.193923950195305,"VAN NUYS BLVD & VANOWEN ST, LOS ANGELES, CA",VAN NUYS BLVD,VANOWEN ST,101349.0
96,-118.34761281599998,34.04017257700008,4097,8038697.0,2016,2016-05-16T00:00:00.000Z,1942,2016-04-24T00:00:00.000Z,1830,40157,0735,7,5.0,7.0,1942,0.0,0.0,0.0,G,0.0,8TL35,LA BREA AVENUE,WASHINGTON BOULEVARD,75,S,Y,A,-,N,,0.0,0.0,,,,,,,N,0,0,0,2,A,-,04,21703.0,,M,C,C,A,A,H,-,A,D,0.0,,,,,,,A,01,0,0,0,0,0,0,0,0,0,- ,- ,1837189.05,6456362.42,2100,4,LOS ANGELES,LOS ANGELES,CA,-118.347612815849,34.040172576904304,"LA BREA AVE & WASHINGTON BLVD, LOS ANGELES, CA",LA BREA AVE,WASHINGTON BLVD,103456.0
97,-118.47217170399993,34.22136688200004,4098,5614926.0,2012,2013-12-17T00:00:00.000Z,1942,2012-04-19T00:00:00.000Z,2030,00001,,4,5.0,7.0,1942,0.0,0.0,0.0,,0.0,901,ROSCOE BOULEVARD,ORION AVENUE,15,W,Y,A,-,N,,0.0,0.0,,,,,,,N,0,0,0,2,C,-,18,,,N,C,C,A,A,H,-,C,D,0.0,,,,,,,-,- ,0,0,0,0,0,0,0,0,0,- ,- ,1903286.34,6418938.48,2100,4,LOS ANGELES,LOS ANGELES,CA,-118.47217170378201,34.2213668823242,"ROSCOE BLVD & ORION AVE, LOS ANGELES, CA",ROSCOE BLVD,ORION AVE,147157.0
98,-118.29805217999996,34.003673553000056,4099,5623480.0,2012,2013-10-21T00:00:00.000Z,1942,2012-04-10T00:00:00.000Z,1810,38894,0397,2,5.0,7.0,1942,0.0,0.0,0.0,C,0.0,,RAYMOND AVENUE,VERNON AVENUE,0,-,Y,A,-,N,,0.0,0.0,,,,,,,N,0,0,0,2,A,-,09,21802.0,A,N,D,C,A,A,H,-,A,A,0.0,,,,,,,D,22,0,0,0,0,0,0,0,0,0,- ,- ,1823859.62,6471341.18,2100,4,LOS ANGELES,LOS ANGELES,CA,-118.298052180053,34.003673553466804,"RAYMOND AVE & VERNON AVE, LOS ANGELES, CA",RAYMOND AVE,VERNON AVE,141946.0
99,-118.50269570499997,34.29900741600005,4100,6894344.0,2015,2016-04-29T00:00:00.000Z,1942,2015-04-18T00:00:00.000Z,2105,41198,1707,6,5.0,7.0,1942,0.0,0.0,0.0,Q,0.0,19T73,BALBOA BOULEVARD,WESTBURY DRIVE,15,N,Y,B,-,N,,0.0,0.0,,,0.0,,,,1,0,0,0,1,A,,03,22350.0,,M,E,I,A,A,H,-,C,D,0.0,,,,,,,A,07,0,0,0,0,0,0,0,0,0,- ,- ,1931576.69,6409846.99,2400,4,LOS ANGELES,LOS ANGELES,CA,-118.502695705457,34.2990074157715,"BALBOA BLVD & WESTBURY DR, LOS ANGELES, CA",BALBOA BLVD,WESTBURY DR,140410.0
100,-118.46506192699995,34.235504150000054,4101,6912530.0,2015,2015-05-21T00:00:00.000Z,1942,2015-04-26T00:00:00.000Z,2115,37353,1972,7,5.0,7.0,1942,0.0,0.0,0.0,,0.0,19T75,NORDHOFF STREET,COLUMBUS AVENUE,100,E,Y,A,-,N,,0.0,0.0,,,,,,,1,4,0,2,3,A,-,04,21703.0,,F,C,C,A,A,H,-,C,D,0.0,,,,,,,-,99,0,0,0,0,0,0,0,0,0,- ,- ,1908414.07,6421108.61,2400,4,LOS ANGELES,LOS ANGELES,CA,-118.465061927017,34.235504150390604,"NORDHOFF ST & COLUMBUS AVE, LOS ANGELES, CA",NORDHOFF ST,COLUMBUS AVE,115482.0
101,-118.60594233899995,34.19374465900006,4102,6916189.0,2015,2015-05-22T00:00:00.000Z,1942,2015-04-24T00:00:00.000Z,2310,41530,2145,5,5.0,7.0,1942,0.0,0.0,0.0,,0.0,21A5,TOPANGA CANYON BOULEVARD,VANOWEN STREET (W),0,-,Y,A,-,N,,0.0,0.0,,,,,,,1,4,0,1,2,A,-,09,21801.0,A,N,A,C,A,A,H,-,C,A,0.0,,,,,,,A,01,0,0,0,0,0,0,0,0,0,- ,- ,1893443.1,6378415.1,2400,4,LOS ANGELES,LOS ANGELES,CA,-118.60594233883499,34.1937446594238,"TOPANGA CANYON BLVD & VANOWEN ST, LOS ANGELES, CA",TOPANGA CANYON BLVD,VANOWEN ST,130529.0
102,-118.329992233,34.020343781000065,4103,6971760.0,2015,2015-07-07T00:00:00.000Z,1942,2015-04-19T00:00:00.000Z,2155,38876,0373,7,5.0,7.0,1942,0.0,0.0,0.0,C,0.0,12X68,DEGNAN BOULEVARD,RODEO ROAD,0,-,Y,A,-,N,,0.0,0.0,,,,,,,N,4,0,2,2,A,-,12,21453.0,A,N,D,C,A,A,H,-,C,A,0.0,,,,,,,-,- ,0,0,0,0,0,0,0,0,0,- ,- ,1829954.03,6461675.02,2400,4,LOS ANGELES,LOS ANGELES,CA,-118.32999223330499,34.0203437805176,"DEGNAN BLVD & RODEO RD, LOS ANGELES, CA",DEGNAN BLVD,RODEO RD,117325.0
103,-118.22441217099998,34.122344971000075,4104,8025749.0,2016,2016-04-25T00:00:00.000Z,1942,2016-04-06T00:00:00.000Z,2235,40643,1136,3,5.0,7.0,1942,0.0,0.0,0.0,K,0.0,13T53,EAGLE ROCK BOULEVARD,EL PASO DRIVE (N),0,-,Y,A,-,N,,0.0,0.0,,,,,,,1,4,0,1,2,A,-,09,21801.0,A,N,D,C,A,A,H,-,C,A,0.0,,,,,,,D,22,0,0,0,0,0,0,0,0,0,- ,- ,1866969.23,6493759.4,2400,4,LOS ANGELES,LOS ANGELES,CA,-118.224412171101,34.122344970703104,"EAGLE ROCK BLVD & EL PASO DR, LOS ANGELES, CA",EAGLE ROCK BLVD,EL PASO DR,102165.0
104,-118.36384217899996,34.05817413300008,4105,6062181.0,2013,2014-08-20T00:00:00.000Z,1942,2013-04-17T00:00:00.000Z,2235,40491,0753,3,5.0,7.0,1942,0.0,0.0,0.0,G,0.0,7T23,FAIRFAX AVENUE,OLYMPIC BOULEVARD,0,-,Y,A,-,N,,0.0,0.0,,,,,,,1,0,0,0,2,A,-,09,21801.0,A,M,D,C,A,A,H,-,C,A,0.0,,,,,,,A,01,0,0,0,0,0,0,0,0,0,- ,- ,1843755.45,6451469.8,2400,4,LOS ANGELES,LOS ANGELES,CA,-118.36384217874901,34.0581741333008,"FAIRFAX AVE & OLYMPIC BLVD, LOS ANGELES, CA",FAIRFAX AVE,OLYMPIC BLVD,145635.0
105,-118.562328805,34.235473633000026,4106,6070331.0,2013,2014-11-20T00:00:00.000Z,1942,2013-04-02T00:00:00.000Z,2215,40065,1764,2,5.0,7.0,1942,0.0,0.0,0.0,Q,0.0,17T77,NORDHOFF STREET,NORDHOFF PLACE,2,E,Y,A,-,N,,0.0,0.0,,,,,,,1,0,0,0,1,A,-,03,22350.0,,M,E,I,A,A,H,-,C,A,0.0,,,,,,,A,01,0,0,0,0,0,0,0,0,0,- ,- ,1908552.4,6391712.72,2400,4,LOS ANGELES,LOS ANGELES,CA,-118.562328805312,34.2354736328125,"NORDHOFF ST & NORDHOFF PL, LOS ANGELES, CA",NORDHOFF ST,NORDHOFF PL,133774.0
106,-118.50551218699995,34.20080947900005,4107,5629738.0,2012,2013-12-27T00:00:00.000Z,1942,2012-05-19T00:00:00.000Z,225,40222,1027,6,5.0,7.0,1942,0.0,0.0,0.0,J,0.0,10A99,AMESTOY AVENUE,SHERMAN WAY (N),100,S,Y,A,-,N,,0.0,0.0,,,0.0,,,,N,0,0,0,3,A,,22,,,M,C,E,A,A,H,-,C,D,0.0,,,,,,,-,99,0,0,0,0,0,0,0,0,0,- ,- ,1895911.68,6408820.67,300,5,LOS ANGELES,LOS ANGELES,CA,-118.505512187029,34.2008094787598,"AMESTOY AVE & SHERMAN WAY, LOS ANGELES, CA",AMESTOY AVE,SHERMAN WAY,101859.0
107,-118.41441397299995,34.210018158000025,4108,5632030.0,2012,2013-12-19T00:00:00.000Z,1942,2012-05-12T00:00:00.000Z,220,36801,1502,6,5.0,7.0,1942,0.0,0.0,0.0,O,0.0,15A3,COLDWATER CANYON AVENUE,WIXOM STREET,105,S,Y,A,-,N,,0.0,0.0,,,0.0,,,,1,0,0,0,2,A,,03,22350.0,,M,C,C,A,A,H,-,C,D,0.0,,,,,,,-,99,0,0,0,0,0,0,0,0,0,- ,- ,1899064.57,6436382.39,300,5,LOS ANGELES,LOS ANGELES,CA,-118.414413973055,34.210018157959,"COLDWATER CANYON AVE & WIXOM ST, LOS ANGELES, CA",COLDWATER CANYON AVE,WIXOM ST,125563.0